Id,Name,Type,Region,BillingState,OwnerId,CreatedDate
A0001,Harbor Imaging 1,Imaging Center,West,CO,U004,2024-05-27
A0002,Maple Heart Associates 2,Cardiology Practice,West,WA,U004,2024-04-03
A0003,Lakeview Medical Center 3,Hospital,East,GA,U011,2024-10-21
A0004,Bayside Imaging 4,Imaging Center,East,GA,U011,2024-02-16
A0005,Lakeview Imaging 5,Imaging Center,East,FL,U012,2024-02-19
A0006,Maple Heart Associates 6,Cardiology Practice,East,MA,U012,2024-12-07
A0007,Maple Medical Center 7,Hospital,Central,OH,U006,2024-09-25
A0008,Cedar Medical Center 8,Hospital,East,FL,U012,2024-05-18
A0009,Pioneer Imaging 9,Imaging Center,Central,IL,U006,2025-11-18
A0010,Granite Heart Associates 10,Cardiology Practice,Central,OH,U007,2025-08-31
A0011,Prairie Medical Center 11,Hospital,Central,IL,U008,2025-04-10
A0012,Summit Medical Center 12,Hospital,West,AZ,U004,2025-05-01
A0013,Northgate Heart Associates 13,Cardiology Practice,Central,MN,U008,2024-01-28
A0014,Granite Medical Center 14,Hospital,West,CO,U003,2025-02-17
A0015,Northgate Imaging 15,Imaging Center,West,WA,U004,2025-08-04
A0016,Harbor Medical Center 16,Hospital,West,OR,U003,2024-10-25
A0017,Coastal Medical Center 17,Hospital,East,NY,U012,2025-11-01
A0018,Northgate Imaging 18,Imaging Center,West,CO,U002,2025-04-30
A0019,Pioneer Heart Associates 19,Cardiology Practice,Central,TX,U007,2024-03-18
A0020,Harbor Imaging 20,Imaging Center,West,CO,U004,2025-01-01
A0021,Mesa Imaging 21,Imaging Center,East,PA,U010,2024-06-23
A0022,Cedar Imaging 22,Imaging Center,West,OR,U003,2024-03-27
A0023,Mesa Heart Associates 23,Cardiology Practice,Central,OH,U008,2025-07-12
A0024,Granite Heart Associates 24,Cardiology Practice,East,FL,U010,2024-07-18
A0025,Riverside Heart Associates 25,Cardiology Practice,West,WA,U002,2025-06-11
A0026,Lakeview Imaging 26,Imaging Center,West,CA,U003,2025-07-08
A0027,Pioneer Imaging 27,Imaging Center,Central,OH,U008,2024-03-10
A0028,Harbor Medical Center 28,Hospital,Central,TX,U008,2024-12-27
A0029,Granite Medical Center 29,Hospital,West,CA,U002,2025-08-03
A0030,Northgate Heart Associates 30,Cardiology Practice,West,AZ,U004,2025-03-07
A0031,Harbor Heart Associates 31,Cardiology Practice,West,WA,U002,2024-02-17
A0032,Mesa Imaging 32,Imaging Center,West,CA,U004,2025-02-21
A0033,Union Medical Center 33,Hospital,Central,IL,U007,2025-09-13
A0034,Coastal Medical Center 34,Hospital,Central,MN,U007,2024-04-12
A0035,Valley Medical Center 35,Hospital,West,AZ,U003,2024-06-27
A0036,Maple Imaging 36,Imaging Center,Central,OH,U008,2025-10-31
A0037,Lakeview Medical Center 37,Hospital,East,PA,U010,2024-08-14
A0038,Pioneer Heart Associates 38,Cardiology Practice,East,FL,U012,2024-07-31
A0039,Union Medical Center 39,Hospital,Central,MO,U007,2025-01-24
A0040,Union Imaging 40,Imaging Center,West,CA,U004,2025-07-01
A0041,Riverside Heart Associates 41,Cardiology Practice,East,PA,U012,2024-01-17
A0042,Cedar Imaging 42,Imaging Center,East,FL,U011,2025-06-29
A0043,Union Heart Associates 43,Cardiology Practice,Central,IL,U006,2024-02-19
A0044,Lakeview Medical Center 44,Hospital,East,FL,U012,2025-10-01
A0045,Union Medical Center 45,Hospital,West,AZ,U002,2024-12-30
A0046,Summit Medical Center 46,Hospital,Central,IL,U008,2024-04-06
A0047,Pioneer Medical Center 47,Hospital,West,WA,U004,2025-07-14
A0048,Coastal Medical Center 48,Hospital,Central,TX,U008,2025-06-24
A0049,Northgate Medical Center 49,Hospital,East,GA,U010,2025-12-12
A0050,Valley Imaging 50,Imaging Center,West,WA,U003,2024-07-28
A0051,Northgate Medical Center 51,Hospital,East,PA,U012,2025-09-06
A0052,Harbor Medical Center 52,Hospital,West,CA,U004,2025-03-11
A0053,Harbor Heart Associates 53,Cardiology Practice,West,WA,U004,2025-09-11
A0054,Coastal Medical Center 54,Hospital,West,WA,U002,2024-06-19
A0055,Prairie Imaging 55,Imaging Center,Central,MO,U007,2024-07-30
A0056,Harbor Medical Center 56,Hospital,Central,MO,U008,2025-09-26
A0057,Pioneer Medical Center 57,Hospital,West,OR,U003,2025-09-06
A0058,Summit Medical Center 58,Hospital,East,MA,U012,2024-04-16
A0059,Prairie Medical Center 59,Hospital,West,CA,U004,2025-03-13
A0060,Lakeview Medical Center 60,Hospital,West,WA,U003,2024-01-16
A0061,Coastal Medical Center 61,Hospital,East,NY,U010,2025-01-12
A0062,Pioneer Medical Center 62,Hospital,East,FL,U012,2025-10-01
A0063,Mesa Medical Center 63,Hospital,East,NY,U012,2024-06-15
A0064,Harbor Imaging 64,Imaging Center,West,CA,U004,2024-09-30
A0065,Riverside Medical Center 65,Hospital,East,GA,U011,2024-10-22
A0066,Coastal Medical Center 66,Hospital,East,MA,U012,2025-12-17
A0067,Valley Heart Associates 67,Cardiology Practice,West,AZ,U004,2025-06-24
A0068,Mesa Imaging 68,Imaging Center,West,CO,U002,2024-12-04
A0069,Bayside Imaging 69,Imaging Center,East,MA,U011,2024-11-12
A0070,Bayside Imaging 70,Imaging Center,Central,MN,U007,2024-09-24
A0071,Lakeview Medical Center 71,Hospital,East,FL,U010,2025-08-02
A0072,Mesa Heart Associates 72,Cardiology Practice,East,PA,U012,2025-01-26
A0073,Bayside Imaging 73,Imaging Center,East,GA,U012,2025-07-14
A0074,Maple Medical Center 74,Hospital,Central,MN,U006,2025-05-22
A0075,Union Medical Center 75,Hospital,Central,OH,U008,2025-03-30
A0076,Union Medical Center 76,Hospital,East,GA,U011,2025-12-01
A0077,Harbor Imaging 77,Imaging Center,West,AZ,U004,2025-11-11
A0078,Northgate Medical Center 78,Hospital,East,PA,U012,2025-03-26
A0079,Summit Imaging 79,Imaging Center,West,WA,U002,2025-05-11
A0080,Maple Heart Associates 80,Cardiology Practice,Central,IL,U008,2025-03-14
A0081,Maple Medical Center 81,Hospital,West,CA,U004,2024-12-22
A0082,Maple Imaging 82,Imaging Center,Central,OH,U008,2024-08-31
A0083,Valley Heart Associates 83,Cardiology Practice,East,MA,U012,2025-01-24
A0084,Lakeview Medical Center 84,Hospital,West,WA,U004,2024-11-16
A0085,Lakeview Imaging 85,Imaging Center,East,PA,U011,2024-09-20
A0086,Cedar Imaging 86,Imaging Center,East,NY,U010,2025-06-08
A0087,Pioneer Medical Center 87,Hospital,East,GA,U012,2024-03-30
A0088,Granite Imaging 88,Imaging Center,West,,U002,2024-03-10
A0089,Pioneer Heart Associates 89,Cardiology Practice,Central,IL,U007,2024-11-19
A0090,Maple Heart Associates 90,Cardiology Practice,West,AZ,U002,2024-10-12
A0091,Pioneer Heart Associates 91,Cardiology Practice,East,NY,U012,2024-03-18
A0092,Lakeview Imaging 92,Imaging Center,Central,OH,U008,2025-05-12
A0093,Bayside Medical Center 93,Hospital,East,GA,U010,2025-07-21
A0094,Pioneer Heart Associates 94,Cardiology Practice,East,FL,U010,2024-01-05
A0095,Valley Medical Center 95,Hospital,West,CO,U004,2024-06-23
A0096,Granite Medical Center 96,Hospital,West,CO,U004,2024-03-28
A0097,Coastal Imaging 97,Imaging Center,East,PA,U012,2024-05-27
A0098,Northgate Imaging 98,Imaging Center,West,AZ,U002,2024-03-03
A0099,Maple Medical Center 99,Hospital,East,NY,U012,2024-07-16
A0100,Maple Heart Associates 100,Cardiology Practice,West,AZ,U004,2024-02-21
A0101,Prairie Medical Center 101,Hospital,Central,MN,U006,2024-05-06
A0102,Cedar Medical Center 102,Hospital,Central,MO,U006,2025-01-31
A0103,Northgate Imaging 103,Imaging Center,East,MA,U012,2025-11-22
A0104,Northgate Imaging 104,Imaging Center,Central,OH,U006,2024-11-19
A0105,Mesa Medical Center 105,Hospital,East,GA,U011,2024-12-12
A0106,Union Medical Center 106,Hospital,West,OR,U002,2025-03-25
A0107,Valley Imaging 107,Imaging Center,Central,TX,U007,2024-10-25
A0108,Valley Imaging 108,Imaging Center,East,MA,U010,2024-08-06
A0109,Bayside Imaging 109,Imaging Center,Central,IL,U006,2025-02-17
A0110,Northgate Imaging 110,Imaging Center,Central,OH,U008,2024-06-29
A0111,Harbor Imaging 111,Imaging Center,East,PA,U010,2024-09-20
A0112,Northgate Imaging 112,Imaging Center,East,GA,U011,2025-09-13
A0113,Maple Imaging 113,Imaging Center,Central,MN,U006,2025-09-04
A0114,Summit Medical Center 114,Hospital,Central,TX,U007,2025-08-23
A0115,Cedar Medical Center 115,Hospital,West,AZ,U003,2024-08-17
A0116,Harbor Medical Center 116,Hospital,West,CO,U004,2024-10-30
A0117,Valley Medical Center 117,Hospital,Central,MN,U006,2024-09-23
A0118,Harbor Heart Associates 118,Cardiology Practice,Central,OH,U008,2025-07-17
A0119,Cedar Imaging 119,Imaging Center,East,MA,U012,2024-01-08
A0120,Mesa Imaging 120,Imaging Center,East,NY,U010,2024-11-01
A0121,Northgate Heart Associates 121,Cardiology Practice,East,GA,U012,2025-12-24
A0122,Coastal Imaging 122,Imaging Center,Central,IL,U006,2025-09-02
A0123,Mesa Imaging 123,Imaging Center,East,MA,U011,2024-05-12
A0124,Valley Medical Center 124,Hospital,West,OR,U004,2024-05-22
A0125,Mesa Imaging 125,Imaging Center,Central,IL,U008,2024-06-27
A0126,Northgate Imaging 126,Imaging Center,East,FL,U012,2025-08-03
A0127,Cedar Medical Center 127,Hospital,East,GA,U012,2024-09-04
A0128,Mesa Imaging 128,Imaging Center,East,FL,U012,2024-09-27
A0129,Northgate Heart Associates 129,Cardiology Practice,Central,IL,U006,2024-09-05
A0130,Mesa Imaging 130,Imaging Center,Central,TX,U007,2025-12-30
A0131,Lakeview Imaging 131,Imaging Center,East,MA,U011,2024-05-20
A0132,Granite Heart Associates 132,Cardiology Practice,West,WA,U002,2024-04-14
A0133,Pioneer Medical Center 133,Hospital,Central,MN,U007,2025-04-08
A0134,Prairie Imaging 134,Imaging Center,East,PA,U012,2025-04-20
A0135,Union Imaging 135,Imaging Center,East,PA,U010,2025-09-25
A0136,Coastal Imaging 136,Imaging Center,West,WA,U002,2025-12-03
A0137,Union Heart Associates 137,Cardiology Practice,Central,MO,U006,2025-06-20
A0138,Summit Medical Center 138,Hospital,East,NY,U012,2025-01-06
A0139,Union Imaging 139,Imaging Center,East,MA,U012,2025-12-15
A0140,Valley Heart Associates 140,Cardiology Practice,West,CA,U003,2025-01-30
A0141,Coastal Heart Associates 141,Cardiology Practice,East,NY,U011,2024-09-29
A0142,Prairie Medical Center 142,Hospital,East,FL,U010,2025-04-25
A0143,Maple Heart Associates 143,Cardiology Practice,East,MA,U012,2024-02-05
A0144,Bayside Imaging 144,Imaging Center,East,,U010,2025-09-19
A0145,Mesa Imaging 145,Imaging Center,East,NY,U011,2025-05-26
A0146,Bayside Imaging 146,Imaging Center,East,PA,U010,2024-09-11
A0147,Granite Medical Center 147,Hospital,East,PA,U012,2024-03-24
A0148,Lakeview Heart Associates 148,Cardiology Practice,West,AZ,U004,2024-09-06
A0149,Northgate Heart Associates 149,Cardiology Practice,Central,MO,U008,2025-07-20
A0150,Northgate Medical Center 150,Hospital,Central,MO,U006,2025-05-27
A0151,Mesa Medical Center 151,Hospital,East,GA,U011,2024-09-08
A0152,Riverside Medical Center 152,Hospital,West,WA,U002,2024-01-13
A0153,Prairie Imaging 153,Imaging Center,West,OR,U003,2025-10-10
A0154,Northgate Heart Associates 154,Cardiology Practice,East,MA,U011,2025-10-17
A0155,Prairie Medical Center 155,Hospital,Central,MO,U006,2025-12-20
A0156,Valley Imaging 156,Imaging Center,East,GA,U011,2024-06-25
A0157,Cedar Medical Center 157,Hospital,West,CO,U002,2024-02-14
A0158,Maple Heart Associates 158,Cardiology Practice,Central,MO,U007,2024-12-14
A0159,Bayside Imaging 159,Imaging Center,East,GA,U012,2024-07-14
A0160,Northgate Medical Center 160,Hospital,East,PA,U010,2025-04-22
A0161,Union Imaging 161,Imaging Center,West,WA,U004,2025-11-16
A0162,Summit Medical Center 162,Hospital,East,PA,U010,2024-02-17
A0163,Maple Imaging 163,Imaging Center,East,MA,U011,2025-09-14
A0164,Summit Medical Center 164,Hospital,West,WA,U004,2024-05-31
A0165,Bayside Medical Center 165,Hospital,East,,U010,2024-10-31
A0166,Lakeview Heart Associates 166,Cardiology Practice,West,CA,U002,2024-07-19
A0167,Harbor Medical Center 167,Hospital,Central,MN,U007,2025-09-06
A0168,Northgate Medical Center 168,Hospital,Central,IL,U006,2025-09-23
A0169,Pioneer Medical Center 169,Hospital,East,PA,U012,2024-02-05
A0170,Lakeview Imaging 170,Imaging Center,Central,TX,U007,2024-08-21
A0171,Summit Heart Associates 171,Cardiology Practice,West,CO,U002,2024-01-23
A0172,Mesa Imaging 172,Imaging Center,West,OR,U002,2024-06-17
A0173,Summit Heart Associates 173,Cardiology Practice,Central,MN,U007,2025-03-28
A0174,Union Heart Associates 174,Cardiology Practice,Central,MO,U006,2024-06-30
A0175,Valley Imaging 175,Imaging Center,East,NY,U012,2024-09-21
A0176,Northgate Medical Center 176,Hospital,East,FL,U012,2024-08-04
A0177,Pioneer Imaging 177,Imaging Center,West,CO,U003,2024-01-22
A0178,Granite Medical Center 178,Hospital,East,NY,U011,2025-09-09
A0179,Pioneer Imaging 179,Imaging Center,East,NY,U012,2025-03-10
A0180,Granite Medical Center 180,Hospital,West,AZ,U002,2025-08-03
A0181,Summit Heart Associates 181,Cardiology Practice,Central,,U006,2025-02-08
A0182,Riverside Imaging 182,Imaging Center,East,NY,U011,2025-10-05
A0183,Lakeview Imaging 183,Imaging Center,Central,IL,U007,2024-11-22
A0184,Valley Medical Center 184,Hospital,Central,TX,U007,2024-01-14
A0185,Coastal Medical Center 185,Hospital,West,CO,U003,2025-03-28
A0186,Cedar Imaging 186,Imaging Center,Central,MN,U007,2025-06-14
A0187,Granite Heart Associates 187,Cardiology Practice,East,GA,U011,2025-11-06
A0188,Maple Medical Center 188,Hospital,Central,MN,U006,2024-10-25
A0189,Valley Heart Associates 189,Cardiology Practice,East,MA,U010,2024-12-08
A0190,Lakeview Heart Associates 190,Cardiology Practice,West,CO,U002,2025-09-19
A0191,Cedar Medical Center 191,Hospital,East,PA,U012,2025-04-16
A0192,Mesa Medical Center 192,Hospital,East,FL,U011,2025-06-18
A0193,Harbor Imaging 193,Imaging Center,Central,TX,U008,2025-05-26
A0194,Riverside Heart Associates 194,Cardiology Practice,East,PA,U011,2025-06-27
A0195,Union Heart Associates 195,Cardiology Practice,Central,IL,U006,2025-11-11
A0196,Pioneer Medical Center 196,Hospital,East,PA,U011,2025-02-28
A0197,Northgate Imaging 197,Imaging Center,Central,MO,U007,2024-02-19
A0198,Cedar Medical Center 198,Hospital,West,OR,U003,2024-04-29
A0199,Summit Medical Center 199,Hospital,West,CO,U004,2024-05-24
A0200,Prairie Heart Associates 200,Cardiology Practice,West,WA,U003,2024-05-27
A0201,Summit Imaging 201,Imaging Center,East,PA,U010,2024-04-03
A0202,Union Imaging 202,Imaging Center,West,AZ,U002,2024-12-28
A0203,Lakeview Medical Center 203,Hospital,East,MA,U010,2024-08-08
A0204,Union Heart Associates 204,Cardiology Practice,East,MA,U010,2025-11-27
A0205,Union Medical Center 205,Hospital,Central,IL,U006,2024-11-06
A0206,Valley Heart Associates 206,Cardiology Practice,West,WA,U004,2024-04-30
A0207,Riverside Medical Center 207,Hospital,West,CO,U002,2025-01-18
A0208,Cedar Medical Center 208,Hospital,East,NY,U012,2025-07-09
A0209,Valley Medical Center 209,Hospital,West,CO,U004,2024-06-19
A0210,Bayside Medical Center 210,Hospital,East,FL,U011,2024-05-11
A0211,Lakeview Imaging 211,Imaging Center,Central,IL,U007,2024-04-08
A0212,Cedar Heart Associates 212,Cardiology Practice,East,FL,U012,2024-06-30
A0213,Summit Medical Center 213,Hospital,West,CO,U002,2024-01-03
A0214,Mesa Imaging 214,Imaging Center,East,MA,U010,2025-01-27
A0215,Cedar Medical Center 215,Hospital,East,NY,U011,2024-03-06
A0216,Lakeview Heart Associates 216,Cardiology Practice,Central,MO,U006,2024-05-31
A0217,Cedar Medical Center 217,Hospital,West,CA,U002,2024-01-02
A0218,Harbor Imaging 218,Imaging Center,West,WA,U002,2025-01-23
A0219,Lakeview Heart Associates 219,Cardiology Practice,Central,MO,U006,2024-09-28
A0220,Prairie Medical Center 220,Hospital,Central,MN,U008,2024-02-06
A0221,Valley Heart Associates 221,Cardiology Practice,East,FL,U011,2025-04-10
A0222,Prairie Medical Center 222,Hospital,East,MA,U010,2025-04-12
A0223,Pioneer Heart Associates 223,Cardiology Practice,East,MA,U010,2024-10-17
A0224,Lakeview Medical Center 224,Hospital,Central,MN,U007,2024-10-14
A0225,Harbor Medical Center 225,Hospital,West,AZ,U004,2024-08-09
A0226,Mesa Imaging 226,Imaging Center,Central,MN,U006,2024-09-07
A0227,Union Imaging 227,Imaging Center,Central,MO,U006,2025-12-23
A0228,Maple Heart Associates 228,Cardiology Practice,Central,MN,U008,2025-01-23
A0229,Cedar Medical Center 229,Hospital,East,GA,U011,2025-06-21
A0230,Northgate Imaging 230,Imaging Center,East,PA,U012,2025-01-07
A0231,Lakeview Imaging 231,Imaging Center,East,FL,U012,2025-05-24
A0232,Riverside Imaging 232,Imaging Center,Central,IL,U006,2025-05-02
A0233,Pioneer Imaging 233,Imaging Center,West,CA,U003,2025-08-11
A0234,Coastal Heart Associates 234,Cardiology Practice,West,CO,U004,2025-05-03
A0235,Maple Medical Center 235,Hospital,West,CA,U002,2024-07-24
A0236,Bayside Heart Associates 236,Cardiology Practice,East,PA,U012,2025-05-27
A0237,Maple Imaging 237,Imaging Center,East,MA,U012,2024-02-16
A0238,Cedar Heart Associates 238,Cardiology Practice,West,WA,U003,2024-01-17
A0239,Union Heart Associates 239,Cardiology Practice,Central,OH,U007,2024-05-08
A0240,Pioneer Heart Associates 240,Cardiology Practice,East,FL,U010,2024-12-24
A0241,Coastal Medical Center 241,Hospital,Central,IL,U007,2025-11-28
A0242,Union Heart Associates 242,Cardiology Practice,East,GA,U012,2025-07-12
A0243,Valley Imaging 243,Imaging Center,West,WA,U004,2025-03-19
A0244,Bayside Medical Center 244,Hospital,Central,IL,U006,2024-10-26
A0245,Pioneer Heart Associates 245,Cardiology Practice,West,CO,U002,2024-09-24
A0246,Maple Medical Center 246,Hospital,West,OR,U003,2024-04-11
A0247,Riverside Medical Center 247,Hospital,East,MA,U012,2024-07-28
A0248,Harbor Medical Center 248,Hospital,West,CO,U002,2025-11-12
A0249,Union Medical Center 249,Hospital,West,CA,U004,2024-07-01
A0250,Valley Heart Associates 250,Cardiology Practice,West,AZ,U002,2025-08-31
A0251,Mesa Imaging 251,Imaging Center,Central,MN,U006,2024-08-03
A0252,Union Imaging 252,Imaging Center,East,NY,U010,2025-01-12
A0253,Riverside Imaging 253,Imaging Center,West,CO,U002,2024-08-05
A0254,Summit Imaging 254,Imaging Center,Central,OH,U006,2024-09-15
A0255,Prairie Heart Associates 255,Cardiology Practice,West,CO,U004,2024-10-15
A0256,Coastal Imaging 256,Imaging Center,West,OR,U004,2025-10-14
A0257,Prairie Heart Associates 257,Cardiology Practice,West,CA,U002,2024-08-13
A0258,Summit Medical Center 258,Hospital,Central,,U007,2024-03-04
A0259,Summit Heart Associates 259,Cardiology Practice,Central,OH,U006,2025-08-24
A0260,Summit Medical Center 260,Hospital,Central,MO,U006,2025-02-08
A0261,Riverside Heart Associates 261,Cardiology Practice,Central,MN,U006,2025-06-23
A0262,Bayside Heart Associates 262,Cardiology Practice,Central,MN,U006,2025-06-06
A0263,Bayside Medical Center 263,Hospital,Central,OH,U007,2025-07-03
A0264,Cedar Medical Center 264,Hospital,East,NY,U010,2024-02-02
A0265,Union Medical Center 265,Hospital,East,GA,U012,2025-04-22
A0266,Lakeview Medical Center 266,Hospital,West,CO,U003,2025-11-29
A0267,Bayside Medical Center 267,Hospital,East,GA,U011,2024-07-30
A0268,Maple Imaging 268,Imaging Center,West,WA,U004,2024-09-28
A0269,Summit Medical Center 269,Hospital,East,MA,U011,2024-12-21
A0270,Bayside Imaging 270,Imaging Center,Central,OH,U006,2024-09-11
A0271,Pioneer Medical Center 271,Hospital,Central,TX,U008,2024-08-18
A0272,Coastal Imaging 272,Imaging Center,Central,,U007,2024-02-18
A0273,Maple Heart Associates 273,Cardiology Practice,West,AZ,U002,2025-09-05
A0274,Mesa Imaging 274,Imaging Center,East,PA,U012,2024-02-13
A0275,Harbor Imaging 275,Imaging Center,Central,TX,U006,2024-01-20
A0276,Bayside Medical Center 276,Hospital,West,WA,U003,2024-05-08
A0277,Lakeview Heart Associates 277,Cardiology Practice,West,OR,U002,2024-06-27
A0278,Bayside Medical Center 278,Hospital,West,WA,U003,2024-05-30
A0279,Granite Heart Associates 279,Cardiology Practice,East,NY,U012,2024-02-07
A0280,Riverside Imaging 280,Imaging Center,West,CO,U003,2025-07-05
A0281,Lakeview Imaging 281,Imaging Center,West,CO,U004,2024-06-02
A0282,Union Medical Center 282,Hospital,Central,MO,U007,2025-08-12
A0283,Pioneer Heart Associates 283,Cardiology Practice,East,PA,U010,2024-07-30
A0284,Cedar Medical Center 284,Hospital,East,PA,U012,2024-04-03
A0285,Union Medical Center 285,Hospital,Central,TX,U006,2024-01-23
A0286,Harbor Medical Center 286,Hospital,Central,MO,U008,2025-04-07
A0287,Granite Heart Associates 287,Cardiology Practice,Central,IL,U008,2024-07-17
A0288,Harbor Imaging 288,Imaging Center,Central,IL,U007,2025-02-09
A0289,Riverside Medical Center 289,Hospital,Central,IL,U006,2024-08-11
A0290,Cedar Imaging 290,Imaging Center,West,AZ,U004,2025-02-15
A0291,Mesa Medical Center 291,Hospital,East,GA,U012,2024-05-12
A0292,Summit Imaging 292,Imaging Center,Central,MO,U008,2024-10-13
A0293,Union Imaging 293,Imaging Center,West,CA,U004,2025-11-14
A0294,Summit Imaging 294,Imaging Center,East,NY,U010,2025-09-14
A0295,Harbor Imaging 295,Imaging Center,West,CA,U003,2025-11-15
A0296,Cedar Heart Associates 296,Cardiology Practice,West,CA,U004,2024-07-16
A0297,Lakeview Heart Associates 297,Cardiology Practice,East,PA,U010,2024-06-24
A0298,Coastal Heart Associates 298,Cardiology Practice,East,GA,U012,2025-03-10
A0299,Riverside Medical Center 299,Hospital,East,NY,U012,2025-01-04
A0300,Union Imaging 300,Imaging Center,Central,MO,U007,2024-11-06
